branch,model,scope,horizon_h,budget,role,n_seeds,rmse_mean_per_kwp,rmse_sd_per_kwp,mae_mean_per_kwp,mae_sd_per_kwp,r2_mean,r2_sd,bias_mean_per_kwp,bias_sd_per_kwp,reference_kw_rmse_mean,reference_kw_rmse_sd,reference_kw_mae_mean,reference_kw_mae_sd,daylight_rmse_mean_per_kwp,daylight_rmse_sd_per_kwp,daylight_mae_mean_per_kwp,daylight_mae_sd_per_kwp,daylight_r2_mean,daylight_r2_sd,n_test_residuals,n_daylight_residuals,source_id
Direct,Baseline,Historical Climatology,24,,deterministic baseline,0,0.07175502581488838,,0.03151826593393068,,0.9251150549324966,,0.003434131104067953,,241.81443656504374,,106.21655570958185,,0.10131481844532549,,0.0628352875031719,,0.8295203456517254,,6186600,3103207,Baselines_Main
Direct,Baseline,Daily Persistence,24,,deterministic baseline,0,0.0790238927179866,,0.029544766265552403,,0.9091747286668392,,-2.8268627069585328e-05,,266.3105182484568,,99.56586226117433,,0.11157812644678158,,0.05890088897661887,,0.7932313250813243,,6186600,3103207,Baselines_Main
Direct,Baseline,Historical Climatology,48,,deterministic baseline,0,0.07173351097849258,,0.03149911973146944,,0.925147550418405,,0.0034812659143895297,,241.74193156656563,,106.15203300614559,,0.10127222145332097,,0.06278196648436339,,0.8296418347072473,,12355920,6199242,Baselines_Main
Direct,Baseline,Daily Persistence,48,,deterministic baseline,0,0.08570664462878685,,0.033099646555940665,,0.8931459892757491,,-2.310361934023117e-06,,288.8313921831889,,111.54580887060241,,0.12099926765706434,,0.0659720309149858,,0.7568088509740443,,12355920,6199242,Baselines_Main
Direct,LSTM,Global,24,,fully repeated,3,0.056731852303607534,0.00043847903219587295,0.024052187353189435,0.0005713742358514425,0.9531875805274934,0.0007219999713497428,-0.0012259711924557666,0.00011490359679729246,191.1863422164669,1.4776743454966468,81.05587130858187,1.9255311723037993,0.08010278375531456,0.000619112362297982,0.047950801309497505,0.001139100242915889,0.8934289784991433,0.0016436722420536795,6186600.0,3103207.0,LSTM_H24_Global_Summary
Direct,LSTM,Global,48,,fully repeated,3,0.06435322553774434,9.969672859844949e-05,0.02804784358784727,0.0003717335555591264,0.939757473684125,0.0001867037728805879,-0.0021149802896872996,0.0001990205461256948,216.87036997997095,0.33597798076103713,94.52123281427906,1.2527420897346513,0.09085285271827791,0.00014075024405005906,0.0559031106615864,0.0007409147882603138,0.8628928470191805,0.00042492279650106307,12355920.0,6199242.0,LSTM_H48_Global_Summary
Direct,LSTM,LocationSpecific,24,,fully repeated,3,0.058177787199592705,8.55983128648324e-05,0.025383658911072766,1.8778783672913376e-05,0.950772827698302,0.0001449194519318784,-0.0012050253129176334,8.936443391163089e-05,196.0591428069093,0.28846631813531864,85.54293047017143,0.06328450515704975,0.08214437777338963,0.00012086090735301518,0.0506052429693678,3.743766467094762e-05,0.8879316622190024,0.0003299170220584224,6186600.0,3103207.0,LSTM_H24_LocationSpecific_Summary
Direct,LSTM,LocationSpecific,48,,fully repeated,3,0.06565678980041284,7.652652032630776e-05,0.0294234025168507,0.00012553974181140907,0.9372922057803702,0.00014622563644090276,-0.0018693726213097669,5.8376352134130846e-05,221.26338156688976,0.2578943844913392,99.15686642738144,0.4230689292954918,0.09269320385802876,0.00010803891525483985,0.05864478393100417,0.00025021752766582966,0.8572820952082996,0.00033279780798214193,12355920.0,6199242.0,LSTM_H48_LocationSpecific_Summary
Direct,PatchTST,Global,24,,fully repeated official S-mode,3,0.06024123384907304,0.00020799230428854152,0.024750903407068748,0.00017726847128057474,0.9472185844087885,0.0003648148979899868,-0.0014130833867185043,8.773857670262273e-05,203.01295807137615,0.700934065452375,83.41054448182167,0.597394748215544,0.08505787017743442,0.00029367563188370744,0.049343772110004756,0.00035340508204074214,0.879840233869556,0.0008305209766044664,,,PatchTST_H24_Global_Summary
Direct,PatchTST,Global,48,,fully repeated official S-mode,3,0.06603593622168476,7.984602492225284e-05,0.0279464182785939,4.2413761464955437e-05,0.9365658764192405,0.0001533688790948723,-0.002167751010486415,6.244911646576188e-05,222.5411050670776,0.2690811039879885,94.17942959886142,0.1429343761369006,0.09322847670072838,0.00011272533865682634,0.05570095642932538,8.453631001339673e-05,0.8556290278998553,0.0003490552547265216,,,PatchTST_H48_Global_Summary
Direct,PatchTST,LocationSpecific,24,,fully repeated official S-mode,3,0.06162468192039564,7.791179159405295e-05,0.02555860027823312,3.5747229628506356e-05,0.9447668630427021,0.0001396532314247223,-0.0010925187605793048,3.8602625800265e-05,207.6751780717333,0.26256273767197114,86.13248293764563,0.12046816384807035,0.08701123565368939,0.00011000789046422061,0.050954008701745344,7.12662129273744e-05,0.874258756702524,0.0003179281843692617,,,PatchTST_H24_LocationSpecific_Summary
Direct,PatchTST,LocationSpecific,48,,fully repeated official S-mode,3,0.06697075664407413,5.038466628908936e-05,0.028685208681142767,2.979888315057731e-05,0.9347572261632848,9.818816373668539e-05,-0.0017344702963553408,7.296225141858117e-06,225.6914498905298,0.16979632539423886,96.66915325545112,0.10042223621744654,0.09454824119495044,7.113226458148699e-05,0.05717346469899151,5.9393167148159394e-05,0.8515126851350804,0.00022346837706908298,,,PatchTST_H48_LocationSpecific_Summary
Direct,TCN,Global,24,,auxiliary single-seed H24 only,1,0.05627681233084694,,0.02451465144275927,,0.9539373578732847,,-0.0012452205539498049,,189.6528574526861,,82.61437527613406,,0.07946028810149738,,0.04887277665195215,,0.8951358874463751,,6186600,3103207,TCN_H24_Strict_Summary
LOCO Zero-Shot,LSTM,HistoryAware,24,,history-aware,3,0.05756861932024259,0.00014779330393735736,0.024696808499434342,4.249508354556129e-05,0.9517981839122774,0.00024735758919638165,-0.0011383557559918875,0.0003213695368262605,194.00624704981342,,83.22824456603901,,0.08128426055653713,0.00020867739347592336,0.04923592769112744,8.471883566354886e-05,0.8902659414627787,0.0005631230185000148,6186600.0,3103207.0,LOCO_LSTM_H24_HistoryAware_Summary
LOCO Zero-Shot,LSTM,ColdStart,24,,pure cold-start,3,0.057374664759177386,0.0004469519859035788,0.024876040461212823,0.0003614662195101875,0.9521207038763628,0.0007449255884833329,-0.0015052039332087055,0.00040264420594126325,193.35262020993034,,83.83225629399624,,0.08101040557679456,0.0006310757858608845,0.04959324721726241,0.0007206244744941993,0.8910001757197193,0.0016958636575796758,6186600.0,3103207.0,LOCO_LSTM_H24_ColdStart_Summary
LOCO Zero-Shot,LSTM,HistoryAware,48,,history-aware,3,0.06477423247095372,0.0006545993006739718,0.028323111602871525,0.0005544459420666702,0.938962609071171,0.0012369640426478524,-0.0016091302244412237,0.0003519566907240248,218.28916333379524,,95.44888600721258,,0.09144722356102315,0.0009241528044113176,0.05645175670124708,0.0011050850578990844,0.861083798980327,0.002815230844367844,12355920.0,6199242.0,LOCO_LSTM_H48_HistoryAware_Summary
LOCO Zero-Shot,LSTM,ColdStart,48,,pure cold-start,3,0.0645768236294956,0.0002692372121127453,0.028334492133404676,0.00029394159303007306,0.9393375099180181,0.000505808696257745,-0.002246535049006194,0.00020288139916589375,217.62389557259425,,95.48723841170768,,0.09116852492162454,0.0003801047822228055,0.0564744396235826,0.0005858649828724453,0.8619370432067023,0.0011511799809526264,12355920.0,6199242.0,LOCO_LSTM_H48_ColdStart_Summary
LOCO Zero-Shot,PatchTST,HistoryAware,24,,history-aware S-mode,3,0.0602463333849827,0.00017747970678520667,0.0247072208805046,0.00016730550029870874,0.9472097620491136,0.00031126550835393373,-0.00144493960212753,8.508154281043963e-05,203.03014350739167,0.5981066118661403,83.2633343673005,0.5638195360066498,0.08506507048917529,0.000250593238124677,0.04925668597013661,0.00033354275372155033,0.8798201492874472,0.0007086128757506163,,,LOCO_PatchTST_H24_Summary
LOCO Zero-Shot,PatchTST,HistoryAware,48,,history-aware S-mode,3,0.06606416593399751,1.806384633180688e-05,0.027973697622394017,4.131782042748117e-05,0.9365116886160548,3.47164687375252e-05,-0.00214929001076086,4.38689344631108e-06,222.6362391975716,0.060875162138183773,94.27136098746784,0.13924105484061614,0.09326833095626257,2.550224882429585e-05,0.0557553278169316,8.23519526704054e-05,0.8555057008105807,7.90118954373268e-05,,,LOCO_PatchTST_H48_Summary
LOCO Few-Shot,LSTM,HeadOnly,24,30d,cold-start source + head-only adaptation,3,0.05748908548814699,0.00012591079887052704,0.024893097000445178,0.0003394166731026513,0.9519313356799414,0.00021052777512647,0.00018418936034737091,0.001965813423467983,193.73821809505534,,83.88973689150026,,0.08117196241898486,0.00017778029598627745,0.04962725138959604,0.0006766661681985321,0.8905690687109424,0.0004792779416733245,6186600.0,3103207.0,FewShot_H24_30d_Summary
LOCO Few-Shot,LSTM,HeadOnly,24,90d,cold-start source + head-only adaptation,3,0.05823451803962112,0.000665566483583266,0.026575487944532416,0.0006433358791704539,0.9506725512169646,0.0011311484525660244,-0.005101990088714491,0.0022917263227297093,196.2503257935232,,89.55939437307423,,0.08222447912785862,0.0009397494695561888,0.0529812911989578,0.0012825640539209679,0.8877033773499643,0.002575121034491234,6186600.0,3103207.0,FewShot_H24_90d_Summary
LOCO Few-Shot,LSTM,HeadOnly,24,365d,cold-start source + head-only adaptation,3,0.05712779518276064,0.0006042430306409406,0.025506527409100293,0.0008016988926987005,0.952530224138048,0.0010016847324994882,-0.00418656450704355,0.0027153128155553447,192.52066976590336,,85.956997368668,,0.08066183701270736,0.0008531635554584033,0.050850195449140156,0.0015982789319467837,0.8919324708906348,0.002280389827468351,6186600.0,3103207.0,FewShot_H24_365d_Summary
LOCO Few-Shot,LSTM,HeadOnly,48,30d,cold-start source + head-only adaptation,3,0.06524005745890905,0.0005276270324594487,0.02949501490647029,0.0005879418440978538,0.9380830651977926,0.0010025451125233247,-0.00462680948531639,0.0014687606665146058,219.85899363652354,,99.3982002348049,,0.09210486781536405,0.000744895390552019,0.05878751701952504,0.0011718468790741768,0.8590820277437036,0.0022817121810624745,12355920.0,6199242.0,FewShot_H48_30d_Summary
LOCO Few-Shot,LSTM,HeadOnly,48,90d,cold-start source + head-only adaptation,3,0.06599224405015079,0.0006385365413402111,0.030920223751199526,0.0006629571521285523,0.9366458977495377,0.0012251181970591221,-0.00847804637862891,0.0013946868231794016,222.3938624490082,,104.20115404154241,,0.09316679279301208,0.0009014756581485706,0.06162814922403759,0.0013213624399770571,0.8558111500226439,0.0027882706509189787,12355920.0,6199242.0,FewShot_H48_90d_Summary
LOCO Few-Shot,LSTM,HeadOnly,48,365d,cold-start source + head-only adaptation,3,0.0647528343482366,0.00014998214241379896,0.02968697727039722,0.0002970611706926492,0.9390068643216498,0.0002824069140596691,-0.0074597162539549846,0.0010119759779036509,218.21705175355734,,100.04511340123862,,0.09141701403422132,0.00021174238557943061,0.05917012373365105,0.0005920827191751325,0.8611845203771319,0.0006427354617533519,12355920.0,6199242.0,FewShot_H48_365d_Summary
